{"cameraMode":{"drawMode":2,"name":"Shaded Wireframe","section":"Shading Mode"},"sceneLighting":true,"audioPlay":false,"sceneViewState":{"showFog":true,"showMaterialUpdate":false,"showSkybox":true,"showFlares":true,"showImageEffects":true,"showParticleSystems":true},"in2DMode":false,"pivot":{"x":1.26177978515625,"y":-0.0142822265625,"z":1.250075101852417},"rotation":{"x":0.37236398458480837,"y":-0.555818498134613,"z":0.30545228719711306,"w":0.6775764226913452},"size":0.6532135009765625,"orthographic":true}