{"cameraMode":{"drawMode":2,"name":"Shaded Wireframe","section":"Shading Mode"},"sceneLighting":true,"audioPlay":false,"sceneViewState":{"showFog":true,"showMaterialUpdate":false,"showSkybox":true,"showFlares":true,"showImageEffects":true,"showParticleSystems":true},"in2DMode":false,"pivot":{"x":1.1761846542358399,"y":-0.00664204778149724,"z":0.9592160582542419},"rotation":{"x":0.21571680903434754,"y":-0.5755653381347656,"z":0.16077737510204316,"w":0.7722314596176148},"size":1.4297714233398438,"orthographic":true}